speciality,constant,step1,step2,step3,visa,gap,usce,research
anesth,-12.8184,0.01786,0.01895,0.01909,-0.05613,-0.00369,0.00205,0.0016
intmed,-12.8184,0.01786,0.01895,0.01909,-0.05613,-0.00369,0.00205,0.0016
neuro,-9.27,0.0257,0.0223,-0.00057,-0.7316,-0.0512,0.00763,0.0281
patho,-6.1002,0.013995,0.0167,-0.008698,-0.3091,-0.054498,0.000153,0.03858
psych,-11.4428,0.015795,0.016997,0.017496,-0.04378,-0.079079,0.0096208,0.0053214
fammed,-12.7736,0.02425,0.02323,0.023648,-0.003,-0.5544027,0.0203,0.0457
pedia,-8.6602,0.0316,0.0088,-0.00076,0,-0.0401,0.0178,-0.0062
